<?xml version="1.0" encoding="utf-8"?>
<!DOCTYPE hibernate-mapping PUBLIC "-//Hibernate/Hibernate Mapping DTD 3.0//EN"
"http://www.hibernate.org/dtd/hibernate-mapping-3.0.dtd">
<hibernate-mapping package="com.hibernate.entity">
	<class name="UserInfo" table="user_info" catalog="digital">
		<id name="id" type="java.lang.Integer">
			<column name="id" />
			<generator class="native"></generator>
		</id>
		<property name="userName" type="java.lang.String">
			<column name="userName" length="16" not-null="true" />
		</property>
		<property name="password" type="java.lang.String">
			<column name="password" length="16" not-null="true" />
		</property>
		<property name="regDate" type="java.util.Date">
			<column name="regDate" not-null="true" />
		</property>
	</class>
</hibernate-mapping>
